Covid19,The @RSSorg has been actively supporting the community during #COVID19.
Covid19,Scott Atlas has already been responsible for thousands of deaths because of his #COVID19 policies.
Covid19,"India comes in second place in terms of cases at 8,845,127, while the country's death toll soared to 165,798."
Covid19,.@Twitter
Covid19,Where is our soul as a nation?
Covid19,Scott Atlas has already been responsible for thousands of deaths because of his #COVID19 policies.
Covid19,Scott Atlas has already been responsible for thousands of deaths because of his #COVID19 policies.
Covid19,The @RSSorg has been actively supporting the community during #COVID19.
Covid19,Now the prime minister has seen that ad.
Covid19,Now the prime minister has seen that ad.
Covid19,Now the prime minister has seen that ad.
Covid19,.@Twitter
Covid19,Now the prime minister has seen that ad.
Covid19,The @RSSorg has been actively supporting the community during #COVID19.
Covid19,The @RSSorg has been actively supporting the community during #COVID19.
COVID19,The @RSSorg has been actively supporting the community during #COVID19.
COVID19,The @RSSorg has been actively supporting the community during #COVID19.
COVID19,The @RSSorg has been actively supporting the community during #COVID19.
COVID19,.@Twitter
COVID19,The @RSSorg has been actively supporting the community during #COVID19.
COVID19,Now the prime minister has seen that ad.
COVID19,.@Twitter
COVID19,Scott Atlas has already been responsible for thousands of deaths because of his #COVID19 policies.
Scott Atlas,"He is a senior fellow at the Hoover Institution, a right-wing think tank."
Scott Atlas,"Scott William Atlas (born July 5, 1955) is an American neuroradiologist, professor, commentator, and health care policy advisor."
Scott Atlas,"Contrary to the recommendations of most of the scientific community, Atlas has pushed for establishing herd immunity and a faster reopening of schools and businesses during the COVID-19 pandemic."
Scott Atlas,His views and influence on policies have caused controversy on the task force.
Scott Atlas,"Contrary to the recommendations of most of the scientific community, Atlas has pushed for establishing herd immunity and a faster reopening of schools and businesses during the COVID-19 pandemic."
Atlas,"Atlases have traditionally been bound into book form, but today many atlases are in multimedia formats."
Atlas,"In addition to presenting geographic features and political boundaries, many atlases often feature geopolitical, social, religious and economic statistics."
Atlas,"In addition to presenting geographic features and political boundaries, many atlases often feature geopolitical, social, religious and economic statistics."
Atlas,"The thing about Atlas's views isn't just that they were blandly ""inconsistent"" with mask wearing and social distancing."
Atlas,"In addition to presenting geographic features and political boundaries, many atlases often feature geopolitical, social, religious and economic statistics."
